lot,wafer,x,y,hbin,sbin
MPW-LOT-08,W01,-28,-13,1,10
MPW-LOT-08,W01,-27,-13,1,10
MPW-LOT-08,W01,-28,-12,1,10
MPW-LOT-08,W01,-27,-12,1,10
MPW-LOT-08,W01,-29,-7,1,10
MPW-LOT-08,W01,-28,-7,1,10
MPW-LOT-08,W01,-27,-7,1,10
MPW-LOT-08,W01,-29,-6,1,10
MPW-LOT-08,W01,-28,-6,1,10
MPW-LOT-08,W01,-27,-6,1,10
MPW-LOT-08,W01,-29,-5,1,10
MPW-LOT-08,W01,-29,-1,1,10
MPW-LOT-08,W01,-28,-1,1,10
MPW-LOT-08,W01,-27,-1,1,10
MPW-LOT-08,W01,-29,0,1,10
MPW-LOT-08,W01,-28,0,2,22
MPW-LOT-08,W01,-27,0,1,10
MPW-LOT-08,W01,-29,1,1,10
MPW-LOT-08,W01,-29,5,1,10
MPW-LOT-08,W01,-28,5,1,10
MPW-LOT-08,W01,-27,5,1,10
MPW-LOT-08,W01,-29,6,2,22
MPW-LOT-08,W01,-28,6,1,10
MPW-LOT-08,W01,-27,6,1,10
MPW-LOT-08,W01,-29,7,1,10
MPW-LOT-08,W01,-28,11,1,10
MPW-LOT-08,W01,-27,11,2,22
MPW-LOT-08,W01,-28,12,1,10
MPW-LOT-08,W01,-27,12,1,10
MPW-LOT-08,W01,-22,-19,1,10
MPW-LOT-08,W01,-21,-19,1,10
MPW-LOT-08,W01,-20,-19,1,10
MPW-LOT-08,W01,-22,-18,1,10
MPW-LOT-08,W01,-21,-18,1,10
MPW-LOT-08,W01,-20,-18,1,10
MPW-LOT-08,W01,-22,-17,1,10
MPW-LOT-08,W01,-22,-13,1,10
MPW-LOT-08,W01,-21,-13,1,10
MPW-LOT-08,W01,-20,-13,1,10
MPW-LOT-08,W01,-22,-12,1,10
MPW-LOT-08,W01,-21,-12,1,10
MPW-LOT-08,W01,-20,-12,1,10
MPW-LOT-08,W01,-22,-11,1,10
MPW-LOT-08,W01,-22,-7,1,10
MPW-LOT-08,W01,-21,-7,1,10
MPW-LOT-08,W01,-20,-7,1,10
MPW-LOT-08,W01,-22,-6,1,10
MPW-LOT-08,W01,-21,-6,1,10
MPW-LOT-08,W01,-20,-6,1,10
MPW-LOT-08,W01,-22,-5,1,10
MPW-LOT-08,W01,-22,-1,2,22
MPW-LOT-08,W01,-21,-1,1,10
MPW-LOT-08,W01,-20,-1,1,10
MPW-LOT-08,W01,-22,0,1,10
MPW-LOT-08,W01,-21,0,1,10
MPW-LOT-08,W01,-20,0,1,10
MPW-LOT-08,W01,-22,1,1,10
MPW-LOT-08,W01,-22,5,1,10
MPW-LOT-08,W01,-21,5,1,10
MPW-LOT-08,W01,-20,5,1,10
MPW-LOT-08,W01,-22,6,1,10
MPW-LOT-08,W01,-21,6,1,10
MPW-LOT-08,W01,-20,6,1,10
MPW-LOT-08,W01,-22,7,1,10
MPW-LOT-08,W01,-22,11,1,10
MPW-LOT-08,W01,-21,11,1,10
MPW-LOT-08,W01,-20,11,1,10
MPW-LOT-08,W01,-22,12,1,10
MPW-LOT-08,W01,-21,12,1,10
MPW-LOT-08,W01,-20,12,1,10
MPW-LOT-08,W01,-22,13,1,10
MPW-LOT-08,W01,-22,17,1,10
MPW-LOT-08,W01,-21,17,1,10
MPW-LOT-08,W01,-20,17,1,10
MPW-LOT-08,W01,-22,18,1,10
MPW-LOT-08,W01,-21,18,1,10
MPW-LOT-08,W01,-20,18,1,10
MPW-LOT-08,W01,-22,19,1,10
MPW-LOT-08,W01,-20,23,1,10
MPW-LOT-08,W01,-15,-25,1,10
MPW-LOT-08,W01,-14,-25,1,10
MPW-LOT-08,W01,-13,-25,1,10
MPW-LOT-08,W01,-15,-24,1,10
MPW-LOT-08,W01,-14,-24,1,10
MPW-LOT-08,W01,-13,-24,1,10
MPW-LOT-08,W01,-15,-23,1,10
MPW-LOT-08,W01,-15,-19,1,10
MPW-LOT-08,W01,-14,-19,1,10
MPW-LOT-08,W01,-13,-19,1,10
MPW-LOT-08,W01,-15,-18,1,10
MPW-LOT-08,W01,-14,-18,1,10
MPW-LOT-08,W01,-13,-18,1,10
MPW-LOT-08,W01,-15,-17,1,10
MPW-LOT-08,W01,-15,-13,1,10
MPW-LOT-08,W01,-14,-13,1,10
MPW-LOT-08,W01,-13,-13,1,10
MPW-LOT-08,W01,-15,-12,1,10
MPW-LOT-08,W01,-14,-12,1,10
MPW-LOT-08,W01,-13,-12,1,10
MPW-LOT-08,W01,-15,-11,1,10
MPW-LOT-08,W01,-15,-7,1,10
MPW-LOT-08,W01,-14,-7,1,10
MPW-LOT-08,W01,-13,-7,1,10
MPW-LOT-08,W01,-15,-6,1,10
MPW-LOT-08,W01,-14,-6,1,10
MPW-LOT-08,W01,-13,-6,1,10
MPW-LOT-08,W01,-15,-5,1,10
MPW-LOT-08,W01,-15,-1,1,10
MPW-LOT-08,W01,-14,-1,1,10
MPW-LOT-08,W01,-13,-1,1,10
MPW-LOT-08,W01,-15,0,1,10
MPW-LOT-08,W01,-14,0,1,10
MPW-LOT-08,W01,-13,0,1,10
MPW-LOT-08,W01,-15,1,1,10
MPW-LOT-08,W01,-15,5,1,10
MPW-LOT-08,W01,-14,5,1,10
MPW-LOT-08,W01,-13,5,1,10
MPW-LOT-08,W01,-15,6,1,10
MPW-LOT-08,W01,-14,6,1,10
MPW-LOT-08,W01,-13,6,1,10
MPW-LOT-08,W01,-15,7,2,22
MPW-LOT-08,W01,-15,11,1,10
MPW-LOT-08,W01,-14,11,1,10
MPW-LOT-08,W01,-13,11,1,10
MPW-LOT-08,W01,-15,12,1,10
MPW-LOT-08,W01,-14,12,1,10
MPW-LOT-08,W01,-13,12,1,10
MPW-LOT-08,W01,-15,13,1,10
MPW-LOT-08,W01,-15,17,1,10
MPW-LOT-08,W01,-14,17,1,10
MPW-LOT-08,W01,-13,17,1,10
MPW-LOT-08,W01,-15,18,1,10
MPW-LOT-08,W01,-14,18,1,10
MPW-LOT-08,W01,-13,18,1,10
MPW-LOT-08,W01,-15,19,1,10
MPW-LOT-08,W01,-15,23,1,10
MPW-LOT-08,W01,-14,23,1,10
MPW-LOT-08,W01,-13,23,1,10
MPW-LOT-08,W01,-15,24,2,22
MPW-LOT-08,W01,-14,24,1,10
MPW-LOT-08,W01,-13,24,1,10
MPW-LOT-08,W01,-15,25,1,10
MPW-LOT-08,W01,-8,-25,1,10
MPW-LOT-08,W01,-7,-25,1,10
MPW-LOT-08,W01,-6,-25,1,10
MPW-LOT-08,W01,-8,-24,1,10
MPW-LOT-08,W01,-7,-24,1,10
MPW-LOT-08,W01,-6,-24,1,10
MPW-LOT-08,W01,-8,-23,1,10
MPW-LOT-08,W01,-8,-19,1,10
MPW-LOT-08,W01,-7,-19,1,10
MPW-LOT-08,W01,-6,-19,1,10
MPW-LOT-08,W01,-8,-18,1,10
MPW-LOT-08,W01,-7,-18,2,22
MPW-LOT-08,W01,-6,-18,2,22
MPW-LOT-08,W01,-8,-17,1,10
MPW-LOT-08,W01,-8,-13,1,10
MPW-LOT-08,W01,-7,-13,1,10
MPW-LOT-08,W01,-6,-13,2,22
MPW-LOT-08,W01,-8,-12,1,10
MPW-LOT-08,W01,-7,-12,1,10
MPW-LOT-08,W01,-6,-12,1,10
MPW-LOT-08,W01,-8,-11,1,10
MPW-LOT-08,W01,-8,-7,1,10
MPW-LOT-08,W01,-7,-7,1,10
MPW-LOT-08,W01,-6,-7,1,10
MPW-LOT-08,W01,-8,-6,1,10
MPW-LOT-08,W01,-7,-6,1,10
MPW-LOT-08,W01,-6,-6,1,10
MPW-LOT-08,W01,-8,-5,1,10
MPW-LOT-08,W01,-8,-1,1,10
MPW-LOT-08,W01,-7,-1,1,10
MPW-LOT-08,W01,-6,-1,1,10
MPW-LOT-08,W01,-8,0,1,10
MPW-LOT-08,W01,-7,0,1,10
MPW-LOT-08,W01,-6,0,1,10
MPW-LOT-08,W01,-8,1,1,10
MPW-LOT-08,W01,-8,5,1,10
MPW-LOT-08,W01,-7,5,1,10
MPW-LOT-08,W01,-6,5,1,10
MPW-LOT-08,W01,-8,6,1,10
MPW-LOT-08,W01,-7,6,1,10
MPW-LOT-08,W01,-6,6,1,10
MPW-LOT-08,W01,-8,7,1,10
MPW-LOT-08,W01,-8,11,1,10
MPW-LOT-08,W01,-7,11,1,10
MPW-LOT-08,W01,-6,11,1,10
MPW-LOT-08,W01,-8,12,1,10
MPW-LOT-08,W01,-7,12,1,10
MPW-LOT-08,W01,-6,12,1,10
MPW-LOT-08,W01,-8,13,1,10
MPW-LOT-08,W01,-8,17,1,10
MPW-LOT-08,W01,-7,17,1,10
MPW-LOT-08,W01,-6,17,1,10
MPW-LOT-08,W01,-8,18,1,10
MPW-LOT-08,W01,-7,18,1,10
MPW-LOT-08,W01,-6,18,2,22
MPW-LOT-08,W01,-8,19,1,10
MPW-LOT-08,W01,-8,23,1,10
MPW-LOT-08,W01,-7,23,1,10
MPW-LOT-08,W01,-6,23,1,10
MPW-LOT-08,W01,-8,24,1,10
MPW-LOT-08,W01,-7,24,1,10
MPW-LOT-08,W01,-6,24,1,10
MPW-LOT-08,W01,-8,25,1,10
MPW-LOT-08,W01,-1,-25,2,22
MPW-LOT-08,W01,0,-25,1,10
MPW-LOT-08,W01,1,-25,1,10
MPW-LOT-08,W01,-1,-24,1,10
MPW-LOT-08,W01,0,-24,1,10
MPW-LOT-08,W01,1,-24,1,10
MPW-LOT-08,W01,-1,-23,1,10
MPW-LOT-08,W01,-1,-19,1,10
MPW-LOT-08,W01,0,-19,1,10
MPW-LOT-08,W01,1,-19,1,10
MPW-LOT-08,W01,-1,-18,1,10
MPW-LOT-08,W01,0,-18,1,10
MPW-LOT-08,W01,1,-18,1,10
MPW-LOT-08,W01,-1,-17,1,10
MPW-LOT-08,W01,-1,-13,1,10
MPW-LOT-08,W01,0,-13,1,10
MPW-LOT-08,W01,1,-13,1,10
MPW-LOT-08,W01,-1,-12,1,10
MPW-LOT-08,W01,0,-12,1,10
MPW-LOT-08,W01,1,-12,1,10
MPW-LOT-08,W01,-1,-11,1,10
MPW-LOT-08,W01,-1,-7,1,10
MPW-LOT-08,W01,0,-7,1,10
MPW-LOT-08,W01,1,-7,1,10
MPW-LOT-08,W01,-1,-6,1,10
MPW-LOT-08,W01,0,-6,1,10
MPW-LOT-08,W01,1,-6,1,10
MPW-LOT-08,W01,-1,-5,1,10
MPW-LOT-08,W01,-1,-1,1,10
MPW-LOT-08,W01,0,-1,1,10
MPW-LOT-08,W01,1,-1,1,10
MPW-LOT-08,W01,-1,0,1,10
MPW-LOT-08,W01,0,0,1,10
MPW-LOT-08,W01,1,0,1,10
MPW-LOT-08,W01,-1,1,1,10
MPW-LOT-08,W01,-1,5,1,10
MPW-LOT-08,W01,0,5,1,10
MPW-LOT-08,W01,1,5,1,10
MPW-LOT-08,W01,-1,6,2,22
MPW-LOT-08,W01,0,6,1,10
MPW-LOT-08,W01,1,6,2,22
MPW-LOT-08,W01,-1,7,1,10
MPW-LOT-08,W01,-1,11,1,10
MPW-LOT-08,W01,0,11,1,10
MPW-LOT-08,W01,1,11,1,10
MPW-LOT-08,W01,-1,12,2,22
MPW-LOT-08,W01,0,12,1,10
MPW-LOT-08,W01,1,12,1,10
MPW-LOT-08,W01,-1,13,2,22
MPW-LOT-08,W01,-1,17,1,10
MPW-LOT-08,W01,0,17,1,10
MPW-LOT-08,W01,1,17,1,10
MPW-LOT-08,W01,-1,18,2,22
MPW-LOT-08,W01,0,18,1,10
MPW-LOT-08,W01,1,18,1,10
MPW-LOT-08,W01,-1,19,1,10
MPW-LOT-08,W01,-1,23,1,10
MPW-LOT-08,W01,0,23,1,10
MPW-LOT-08,W01,1,23,1,10
MPW-LOT-08,W01,-1,24,1,10
MPW-LOT-08,W01,0,24,1,10
MPW-LOT-08,W01,1,24,1,10
MPW-LOT-08,W01,-1,25,1,10
MPW-LOT-08,W01,6,-25,2,22
MPW-LOT-08,W01,7,-25,1,10
MPW-LOT-08,W01,8,-25,1,10
MPW-LOT-08,W01,6,-24,1,10
MPW-LOT-08,W01,7,-24,1,10
MPW-LOT-08,W01,8,-24,1,10
MPW-LOT-08,W01,6,-23,1,10
MPW-LOT-08,W01,6,-19,1,10
MPW-LOT-08,W01,7,-19,1,10
MPW-LOT-08,W01,8,-19,1,10
MPW-LOT-08,W01,6,-18,1,10
MPW-LOT-08,W01,7,-18,1,10
MPW-LOT-08,W01,8,-18,1,10
MPW-LOT-08,W01,6,-17,1,10
MPW-LOT-08,W01,6,-13,1,10
MPW-LOT-08,W01,7,-13,1,10
MPW-LOT-08,W01,8,-13,1,10
MPW-LOT-08,W01,6,-12,1,10
MPW-LOT-08,W01,7,-12,1,10
MPW-LOT-08,W01,8,-12,1,10
MPW-LOT-08,W01,6,-11,1,10
MPW-LOT-08,W01,6,-7,1,10
MPW-LOT-08,W01,7,-7,1,10
MPW-LOT-08,W01,8,-7,1,10
MPW-LOT-08,W01,6,-6,1,10
MPW-LOT-08,W01,7,-6,1,10
MPW-LOT-08,W01,8,-6,1,10
MPW-LOT-08,W01,6,-5,1,10
MPW-LOT-08,W01,6,-1,1,10
MPW-LOT-08,W01,7,-1,1,10
MPW-LOT-08,W01,8,-1,1,10
MPW-LOT-08,W01,6,0,1,10
MPW-LOT-08,W01,7,0,1,10
MPW-LOT-08,W01,8,0,1,10
MPW-LOT-08,W01,6,1,1,10
MPW-LOT-08,W01,6,5,1,10
MPW-LOT-08,W01,7,5,1,10
MPW-LOT-08,W01,8,5,1,10
MPW-LOT-08,W01,6,6,1,10
MPW-LOT-08,W01,7,6,1,10
MPW-LOT-08,W01,8,6,1,10
MPW-LOT-08,W01,6,7,1,10
MPW-LOT-08,W01,6,11,1,10
MPW-LOT-08,W01,7,11,1,10
MPW-LOT-08,W01,8,11,1,10
MPW-LOT-08,W01,6,12,1,10
MPW-LOT-08,W01,7,12,1,10
MPW-LOT-08,W01,8,12,2,22
MPW-LOT-08,W01,6,13,1,10
MPW-LOT-08,W01,6,17,1,10
MPW-LOT-08,W01,7,17,1,10
MPW-LOT-08,W01,8,17,1,10
MPW-LOT-08,W01,6,18,1,10
MPW-LOT-08,W01,7,18,1,10
MPW-LOT-08,W01,8,18,1,10
MPW-LOT-08,W01,6,19,1,10
MPW-LOT-08,W01,6,23,1,10
MPW-LOT-08,W01,7,23,1,10
MPW-LOT-08,W01,8,23,1,10
MPW-LOT-08,W01,6,24,1,10
MPW-LOT-08,W01,7,24,1,10
MPW-LOT-08,W01,8,24,1,10
MPW-LOT-08,W01,6,25,1,10
MPW-LOT-08,W01,13,-25,1,10
MPW-LOT-08,W01,14,-25,1,10
MPW-LOT-08,W01,15,-25,1,10
MPW-LOT-08,W01,13,-24,1,10
MPW-LOT-08,W01,14,-24,1,10
MPW-LOT-08,W01,15,-24,1,10
MPW-LOT-08,W01,13,-23,1,10
MPW-LOT-08,W01,13,-19,1,10
MPW-LOT-08,W01,14,-19,1,10
MPW-LOT-08,W01,15,-19,1,10
MPW-LOT-08,W01,13,-18,1,10
MPW-LOT-08,W01,14,-18,1,10
MPW-LOT-08,W01,15,-18,1,10
MPW-LOT-08,W01,13,-17,1,10
MPW-LOT-08,W01,13,-13,1,10
MPW-LOT-08,W01,14,-13,1,10
MPW-LOT-08,W01,15,-13,1,10
MPW-LOT-08,W01,13,-12,1,10
MPW-LOT-08,W01,14,-12,1,10
MPW-LOT-08,W01,15,-12,1,10
MPW-LOT-08,W01,13,-11,1,10
MPW-LOT-08,W01,13,-7,1,10
MPW-LOT-08,W01,14,-7,2,22
MPW-LOT-08,W01,15,-7,1,10
MPW-LOT-08,W01,13,-6,1,10
MPW-LOT-08,W01,14,-6,1,10
MPW-LOT-08,W01,15,-6,1,10
MPW-LOT-08,W01,13,-5,1,10
MPW-LOT-08,W01,13,-1,1,10
MPW-LOT-08,W01,14,-1,1,10
MPW-LOT-08,W01,15,-1,1,10
MPW-LOT-08,W01,13,0,1,10
MPW-LOT-08,W01,14,0,1,10
MPW-LOT-08,W01,15,0,1,10
MPW-LOT-08,W01,13,1,1,10
MPW-LOT-08,W01,13,5,1,10
MPW-LOT-08,W01,14,5,1,10
MPW-LOT-08,W01,15,5,1,10
MPW-LOT-08,W01,13,6,1,10
MPW-LOT-08,W01,14,6,1,10
MPW-LOT-08,W01,15,6,1,10
MPW-LOT-08,W01,13,7,1,10
MPW-LOT-08,W01,13,11,1,10
MPW-LOT-08,W01,14,11,1,10
MPW-LOT-08,W01,15,11,1,10
MPW-LOT-08,W01,13,12,1,10
MPW-LOT-08,W01,14,12,1,10
MPW-LOT-08,W01,15,12,1,10
MPW-LOT-08,W01,13,13,2,22
MPW-LOT-08,W01,13,17,1,10
MPW-LOT-08,W01,14,17,1,10
MPW-LOT-08,W01,15,17,1,10
MPW-LOT-08,W01,13,18,1,10
MPW-LOT-08,W01,14,18,1,10
MPW-LOT-08,W01,15,18,1,10
MPW-LOT-08,W01,13,19,1,10
MPW-LOT-08,W01,13,23,1,10
MPW-LOT-08,W01,14,23,1,10
MPW-LOT-08,W01,15,23,1,10
MPW-LOT-08,W01,13,24,1,10
MPW-LOT-08,W01,14,24,1,10
MPW-LOT-08,W01,15,24,1,10
MPW-LOT-08,W01,13,25,1,10
MPW-LOT-08,W01,20,-23,1,10
MPW-LOT-08,W01,20,-19,1,10
MPW-LOT-08,W01,21,-19,1,10
MPW-LOT-08,W01,22,-19,1,10
MPW-LOT-08,W01,20,-18,1,10
MPW-LOT-08,W01,21,-18,1,10
MPW-LOT-08,W01,22,-18,1,10
MPW-LOT-08,W01,20,-17,1,10
MPW-LOT-08,W01,20,-13,1,10
MPW-LOT-08,W01,21,-13,1,10
MPW-LOT-08,W01,22,-13,1,10
MPW-LOT-08,W01,20,-12,1,10
MPW-LOT-08,W01,21,-12,1,10
MPW-LOT-08,W01,22,-12,1,10
MPW-LOT-08,W01,20,-11,1,10
MPW-LOT-08,W01,20,-7,1,10
MPW-LOT-08,W01,21,-7,1,10
MPW-LOT-08,W01,22,-7,1,10
MPW-LOT-08,W01,20,-6,1,10
MPW-LOT-08,W01,21,-6,1,10
MPW-LOT-08,W01,22,-6,1,10
MPW-LOT-08,W01,20,-5,1,10
MPW-LOT-08,W01,20,-1,1,10
MPW-LOT-08,W01,21,-1,1,10
MPW-LOT-08,W01,22,-1,1,10
MPW-LOT-08,W01,20,0,1,10
MPW-LOT-08,W01,21,0,1,10
MPW-LOT-08,W01,22,0,1,10
MPW-LOT-08,W01,20,1,1,10
MPW-LOT-08,W01,20,5,1,10
MPW-LOT-08,W01,21,5,1,10
MPW-LOT-08,W01,22,5,1,10
MPW-LOT-08,W01,20,6,2,22
MPW-LOT-08,W01,21,6,1,10
MPW-LOT-08,W01,22,6,1,10
MPW-LOT-08,W01,20,7,1,10
MPW-LOT-08,W01,20,11,1,10
MPW-LOT-08,W01,21,11,1,10
MPW-LOT-08,W01,22,11,1,10
MPW-LOT-08,W01,20,12,1,10
MPW-LOT-08,W01,21,12,1,10
MPW-LOT-08,W01,22,12,1,10
MPW-LOT-08,W01,20,13,1,10
MPW-LOT-08,W01,20,17,1,10
MPW-LOT-08,W01,21,17,1,10
MPW-LOT-08,W01,22,17,2,22
MPW-LOT-08,W01,20,18,1,10
MPW-LOT-08,W01,21,18,1,10
MPW-LOT-08,W01,22,18,1,10
MPW-LOT-08,W01,20,19,1,10
MPW-LOT-08,W01,20,23,1,10
MPW-LOT-08,W01,27,-13,1,10
MPW-LOT-08,W01,28,-13,1,10
MPW-LOT-08,W01,27,-12,1,10
MPW-LOT-08,W01,28,-12,1,10
MPW-LOT-08,W01,27,-11,1,10
MPW-LOT-08,W01,27,-7,1,10
MPW-LOT-08,W01,28,-7,1,10
MPW-LOT-08,W01,29,-7,1,10
MPW-LOT-08,W01,27,-6,1,10
MPW-LOT-08,W01,28,-6,1,10
MPW-LOT-08,W01,29,-6,1,10
MPW-LOT-08,W01,27,-5,1,10
MPW-LOT-08,W01,27,-1,1,10
MPW-LOT-08,W01,28,-1,1,10
MPW-LOT-08,W01,29,-1,2,22
MPW-LOT-08,W01,27,0,1,10
MPW-LOT-08,W01,28,0,1,10
MPW-LOT-08,W01,29,0,1,10
MPW-LOT-08,W01,27,1,1,10
MPW-LOT-08,W01,27,5,1,10
MPW-LOT-08,W01,28,5,1,10
MPW-LOT-08,W01,29,5,1,10
MPW-LOT-08,W01,27,6,1,10
MPW-LOT-08,W01,28,6,1,10
MPW-LOT-08,W01,29,6,2,22
MPW-LOT-08,W01,27,7,1,10
MPW-LOT-08,W01,27,11,1,10
MPW-LOT-08,W01,28,11,1,10
MPW-LOT-08,W01,27,12,1,10
MPW-LOT-08,W01,28,12,1,10
MPW-LOT-08,W01,27,13,1,10
MPW-LOT-08,W02,-28,-13,1,10
MPW-LOT-08,W02,-27,-13,1,10
MPW-LOT-08,W02,-28,-12,3,31
MPW-LOT-08,W02,-27,-12,1,10
MPW-LOT-08,W02,-29,-7,1,10
MPW-LOT-08,W02,-28,-7,1,10
MPW-LOT-08,W02,-27,-7,1,10
MPW-LOT-08,W02,-29,-6,1,10
MPW-LOT-08,W02,-28,-6,3,31
MPW-LOT-08,W02,-27,-6,1,10
MPW-LOT-08,W02,-29,-5,1,10
MPW-LOT-08,W02,-29,-1,1,10
MPW-LOT-08,W02,-28,-1,1,10
MPW-LOT-08,W02,-27,-1,1,10
MPW-LOT-08,W02,-29,0,1,10
MPW-LOT-08,W02,-28,0,3,31
MPW-LOT-08,W02,-27,0,1,10
MPW-LOT-08,W02,-29,1,1,10
MPW-LOT-08,W02,-29,5,1,10
MPW-LOT-08,W02,-28,5,1,10
MPW-LOT-08,W02,-27,5,1,10
MPW-LOT-08,W02,-29,6,1,10
MPW-LOT-08,W02,-28,6,3,31
MPW-LOT-08,W02,-27,6,1,10
MPW-LOT-08,W02,-29,7,2,22
MPW-LOT-08,W02,-28,11,1,10
MPW-LOT-08,W02,-27,11,1,10
MPW-LOT-08,W02,-28,12,3,31
MPW-LOT-08,W02,-27,12,1,10
MPW-LOT-08,W02,-22,-19,1,10
MPW-LOT-08,W02,-21,-19,1,10
MPW-LOT-08,W02,-20,-19,1,10
MPW-LOT-08,W02,-22,-18,1,10
MPW-LOT-08,W02,-21,-18,3,31
MPW-LOT-08,W02,-20,-18,1,10
MPW-LOT-08,W02,-22,-17,1,10
MPW-LOT-08,W02,-22,-13,1,10
MPW-LOT-08,W02,-21,-13,1,10
MPW-LOT-08,W02,-20,-13,1,10
MPW-LOT-08,W02,-22,-12,1,10
MPW-LOT-08,W02,-21,-12,3,31
MPW-LOT-08,W02,-20,-12,1,10
MPW-LOT-08,W02,-22,-11,1,10
MPW-LOT-08,W02,-22,-7,1,10
MPW-LOT-08,W02,-21,-7,2,22
MPW-LOT-08,W02,-20,-7,1,10
MPW-LOT-08,W02,-22,-6,1,10
MPW-LOT-08,W02,-21,-6,3,31
MPW-LOT-08,W02,-20,-6,1,10
MPW-LOT-08,W02,-22,-5,1,10
MPW-LOT-08,W02,-22,-1,1,10
MPW-LOT-08,W02,-21,-1,1,10
MPW-LOT-08,W02,-20,-1,1,10
MPW-LOT-08,W02,-22,0,1,10
MPW-LOT-08,W02,-21,0,3,31
MPW-LOT-08,W02,-20,0,1,10
MPW-LOT-08,W02,-22,1,1,10
MPW-LOT-08,W02,-22,5,1,10
MPW-LOT-08,W02,-21,5,1,10
MPW-LOT-08,W02,-20,5,1,10
MPW-LOT-08,W02,-22,6,1,10
MPW-LOT-08,W02,-21,6,3,31
MPW-LOT-08,W02,-20,6,1,10
MPW-LOT-08,W02,-22,7,1,10
MPW-LOT-08,W02,-22,11,1,10
MPW-LOT-08,W02,-21,11,1,10
MPW-LOT-08,W02,-20,11,1,10
MPW-LOT-08,W02,-22,12,1,10
MPW-LOT-08,W02,-21,12,3,31
MPW-LOT-08,W02,-20,12,2,22
MPW-LOT-08,W02,-22,13,1,10
MPW-LOT-08,W02,-22,17,1,10
MPW-LOT-08,W02,-21,17,1,10
MPW-LOT-08,W02,-20,17,1,10
MPW-LOT-08,W02,-22,18,1,10
MPW-LOT-08,W02,-21,18,3,31
MPW-LOT-08,W02,-20,18,1,10
MPW-LOT-08,W02,-22,19,1,10
MPW-LOT-08,W02,-20,23,1,10
MPW-LOT-08,W02,-15,-25,1,10
MPW-LOT-08,W02,-14,-25,1,10
MPW-LOT-08,W02,-13,-25,1,10
MPW-LOT-08,W02,-15,-24,1,10
MPW-LOT-08,W02,-14,-24,3,31
MPW-LOT-08,W02,-13,-24,1,10
MPW-LOT-08,W02,-15,-23,1,10
MPW-LOT-08,W02,-15,-19,1,10
MPW-LOT-08,W02,-14,-19,1,10
MPW-LOT-08,W02,-13,-19,1,10
MPW-LOT-08,W02,-15,-18,1,10
MPW-LOT-08,W02,-14,-18,3,31
MPW-LOT-08,W02,-13,-18,2,22
MPW-LOT-08,W02,-15,-17,1,10
MPW-LOT-08,W02,-15,-13,2,22
MPW-LOT-08,W02,-14,-13,1,10
MPW-LOT-08,W02,-13,-13,1,10
MPW-LOT-08,W02,-15,-12,1,10
MPW-LOT-08,W02,-14,-12,3,31
MPW-LOT-08,W02,-13,-12,1,10
MPW-LOT-08,W02,-15,-11,1,10
MPW-LOT-08,W02,-15,-7,1,10
MPW-LOT-08,W02,-14,-7,1,10
MPW-LOT-08,W02,-13,-7,1,10
MPW-LOT-08,W02,-15,-6,1,10
MPW-LOT-08,W02,-14,-6,3,31
MPW-LOT-08,W02,-13,-6,1,10
MPW-LOT-08,W02,-15,-5,1,10
MPW-LOT-08,W02,-15,-1,1,10
MPW-LOT-08,W02,-14,-1,1,10
MPW-LOT-08,W02,-13,-1,1,10
MPW-LOT-08,W02,-15,0,1,10
MPW-LOT-08,W02,-14,0,3,31
MPW-LOT-08,W02,-13,0,1,10
MPW-LOT-08,W02,-15,1,1,10
MPW-LOT-08,W02,-15,5,1,10
MPW-LOT-08,W02,-14,5,1,10
MPW-LOT-08,W02,-13,5,1,10
MPW-LOT-08,W02,-15,6,1,10
MPW-LOT-08,W02,-14,6,3,31
MPW-LOT-08,W02,-13,6,1,10
MPW-LOT-08,W02,-15,7,1,10
MPW-LOT-08,W02,-15,11,1,10
MPW-LOT-08,W02,-14,11,1,10
MPW-LOT-08,W02,-13,11,1,10
MPW-LOT-08,W02,-15,12,1,10
MPW-LOT-08,W02,-14,12,3,31
MPW-LOT-08,W02,-13,12,1,10
MPW-LOT-08,W02,-15,13,1,10
MPW-LOT-08,W02,-15,17,1,10
MPW-LOT-08,W02,-14,17,1,10
MPW-LOT-08,W02,-13,17,1,10
MPW-LOT-08,W02,-15,18,1,10
MPW-LOT-08,W02,-14,18,3,31
MPW-LOT-08,W02,-13,18,1,10
MPW-LOT-08,W02,-15,19,1,10
MPW-LOT-08,W02,-15,23,1,10
MPW-LOT-08,W02,-14,23,1,10
MPW-LOT-08,W02,-13,23,1,10
MPW-LOT-08,W02,-15,24,1,10
MPW-LOT-08,W02,-14,24,3,31
MPW-LOT-08,W02,-13,24,1,10
MPW-LOT-08,W02,-15,25,1,10
MPW-LOT-08,W02,-8,-25,1,10
MPW-LOT-08,W02,-7,-25,1,10
MPW-LOT-08,W02,-6,-25,1,10
MPW-LOT-08,W02,-8,-24,1,10
MPW-LOT-08,W02,-7,-24,3,31
MPW-LOT-08,W02,-6,-24,1,10
MPW-LOT-08,W02,-8,-23,1,10
MPW-LOT-08,W02,-8,-19,1,10
MPW-LOT-08,W02,-7,-19,1,10
MPW-LOT-08,W02,-6,-19,1,10
MPW-LOT-08,W02,-8,-18,1,10
MPW-LOT-08,W02,-7,-18,3,31
MPW-LOT-08,W02,-6,-18,1,10
MPW-LOT-08,W02,-8,-17,1,10
MPW-LOT-08,W02,-8,-13,1,10
MPW-LOT-08,W02,-7,-13,1,10
MPW-LOT-08,W02,-6,-13,1,10
MPW-LOT-08,W02,-8,-12,2,22
MPW-LOT-08,W02,-7,-12,3,31
MPW-LOT-08,W02,-6,-12,1,10
MPW-LOT-08,W02,-8,-11,1,10
MPW-LOT-08,W02,-8,-7,1,10
MPW-LOT-08,W02,-7,-7,1,10
MPW-LOT-08,W02,-6,-7,1,10
MPW-LOT-08,W02,-8,-6,1,10
MPW-LOT-08,W02,-7,-6,3,31
MPW-LOT-08,W02,-6,-6,1,10
MPW-LOT-08,W02,-8,-5,1,10
MPW-LOT-08,W02,-8,-1,1,10
MPW-LOT-08,W02,-7,-1,1,10
MPW-LOT-08,W02,-6,-1,1,10
MPW-LOT-08,W02,-8,0,1,10
MPW-LOT-08,W02,-7,0,3,31
MPW-LOT-08,W02,-6,0,1,10
MPW-LOT-08,W02,-8,1,1,10
MPW-LOT-08,W02,-8,5,1,10
MPW-LOT-08,W02,-7,5,1,10
MPW-LOT-08,W02,-6,5,1,10
MPW-LOT-08,W02,-8,6,1,10
MPW-LOT-08,W02,-7,6,3,31
MPW-LOT-08,W02,-6,6,1,10
MPW-LOT-08,W02,-8,7,1,10
MPW-LOT-08,W02,-8,11,1,10
MPW-LOT-08,W02,-7,11,1,10
MPW-LOT-08,W02,-6,11,1,10
MPW-LOT-08,W02,-8,12,1,10
MPW-LOT-08,W02,-7,12,3,31
MPW-LOT-08,W02,-6,12,1,10
MPW-LOT-08,W02,-8,13,1,10
MPW-LOT-08,W02,-8,17,1,10
MPW-LOT-08,W02,-7,17,1,10
MPW-LOT-08,W02,-6,17,1,10
MPW-LOT-08,W02,-8,18,1,10
MPW-LOT-08,W02,-7,18,3,31
MPW-LOT-08,W02,-6,18,1,10
MPW-LOT-08,W02,-8,19,1,10
MPW-LOT-08,W02,-8,23,1,10
MPW-LOT-08,W02,-7,23,1,10
MPW-LOT-08,W02,-6,23,1,10
MPW-LOT-08,W02,-8,24,1,10
MPW-LOT-08,W02,-7,24,3,31
MPW-LOT-08,W02,-6,24,1,10
MPW-LOT-08,W02,-8,25,1,10
MPW-LOT-08,W02,-1,-25,1,10
MPW-LOT-08,W02,0,-25,1,10
MPW-LOT-08,W02,1,-25,1,10
MPW-LOT-08,W02,-1,-24,1,10
MPW-LOT-08,W02,0,-24,3,31
MPW-LOT-08,W02,1,-24,1,10
MPW-LOT-08,W02,-1,-23,1,10
MPW-LOT-08,W02,-1,-19,1,10
MPW-LOT-08,W02,0,-19,1,10
MPW-LOT-08,W02,1,-19,1,10
MPW-LOT-08,W02,-1,-18,1,10
MPW-LOT-08,W02,0,-18,3,31
MPW-LOT-08,W02,1,-18,1,10
MPW-LOT-08,W02,-1,-17,1,10
MPW-LOT-08,W02,-1,-13,1,10
MPW-LOT-08,W02,0,-13,1,10
MPW-LOT-08,W02,1,-13,1,10
MPW-LOT-08,W02,-1,-12,1,10
MPW-LOT-08,W02,0,-12,3,31
MPW-LOT-08,W02,1,-12,1,10
MPW-LOT-08,W02,-1,-11,1,10
MPW-LOT-08,W02,-1,-7,1,10
MPW-LOT-08,W02,0,-7,1,10
MPW-LOT-08,W02,1,-7,1,10
MPW-LOT-08,W02,-1,-6,1,10
MPW-LOT-08,W02,0,-6,3,31
MPW-LOT-08,W02,1,-6,1,10
MPW-LOT-08,W02,-1,-5,1,10
MPW-LOT-08,W02,-1,-1,1,10
MPW-LOT-08,W02,0,-1,1,10
MPW-LOT-08,W02,1,-1,1,10
MPW-LOT-08,W02,-1,0,1,10
MPW-LOT-08,W02,0,0,3,31
MPW-LOT-08,W02,1,0,1,10
MPW-LOT-08,W02,-1,1,1,10
MPW-LOT-08,W02,-1,5,1,10
MPW-LOT-08,W02,0,5,1,10
MPW-LOT-08,W02,1,5,1,10
MPW-LOT-08,W02,-1,6,1,10
MPW-LOT-08,W02,0,6,3,31
MPW-LOT-08,W02,1,6,1,10
MPW-LOT-08,W02,-1,7,1,10
MPW-LOT-08,W02,-1,11,1,10
MPW-LOT-08,W02,0,11,1,10
MPW-LOT-08,W02,1,11,1,10
MPW-LOT-08,W02,-1,12,1,10
MPW-LOT-08,W02,0,12,3,31
MPW-LOT-08,W02,1,12,1,10
MPW-LOT-08,W02,-1,13,1,10
MPW-LOT-08,W02,-1,17,1,10
MPW-LOT-08,W02,0,17,1,10
MPW-LOT-08,W02,1,17,1,10
MPW-LOT-08,W02,-1,18,1,10
MPW-LOT-08,W02,0,18,3,31
MPW-LOT-08,W02,1,18,1,10
MPW-LOT-08,W02,-1,19,2,22
MPW-LOT-08,W02,-1,23,1,10
MPW-LOT-08,W02,0,23,1,10
MPW-LOT-08,W02,1,23,1,10
MPW-LOT-08,W02,-1,24,1,10
MPW-LOT-08,W02,0,24,3,31
MPW-LOT-08,W02,1,24,1,10
MPW-LOT-08,W02,-1,25,1,10
MPW-LOT-08,W02,6,-25,1,10
MPW-LOT-08,W02,7,-25,1,10
MPW-LOT-08,W02,8,-25,1,10
MPW-LOT-08,W02,6,-24,1,10
MPW-LOT-08,W02,7,-24,3,31
MPW-LOT-08,W02,8,-24,1,10
MPW-LOT-08,W02,6,-23,1,10
MPW-LOT-08,W02,6,-19,1,10
MPW-LOT-08,W02,7,-19,1,10
MPW-LOT-08,W02,8,-19,1,10
MPW-LOT-08,W02,6,-18,1,10
MPW-LOT-08,W02,7,-18,3,31
MPW-LOT-08,W02,8,-18,1,10
MPW-LOT-08,W02,6,-17,1,10
MPW-LOT-08,W02,6,-13,1,10
MPW-LOT-08,W02,7,-13,1,10
MPW-LOT-08,W02,8,-13,1,10
MPW-LOT-08,W02,6,-12,1,10
MPW-LOT-08,W02,7,-12,3,31
MPW-LOT-08,W02,8,-12,1,10
MPW-LOT-08,W02,6,-11,1,10
MPW-LOT-08,W02,6,-7,1,10
MPW-LOT-08,W02,7,-7,1,10
MPW-LOT-08,W02,8,-7,1,10
MPW-LOT-08,W02,6,-6,1,10
MPW-LOT-08,W02,7,-6,3,31
MPW-LOT-08,W02,8,-6,1,10
MPW-LOT-08,W02,6,-5,1,10
MPW-LOT-08,W02,6,-1,1,10
MPW-LOT-08,W02,7,-1,1,10
MPW-LOT-08,W02,8,-1,1,10
MPW-LOT-08,W02,6,0,1,10
MPW-LOT-08,W02,7,0,3,31
MPW-LOT-08,W02,8,0,1,10
MPW-LOT-08,W02,6,1,1,10
MPW-LOT-08,W02,6,5,1,10
MPW-LOT-08,W02,7,5,1,10
MPW-LOT-08,W02,8,5,1,10
MPW-LOT-08,W02,6,6,1,10
MPW-LOT-08,W02,7,6,3,31
MPW-LOT-08,W02,8,6,1,10
MPW-LOT-08,W02,6,7,1,10
MPW-LOT-08,W02,6,11,1,10
MPW-LOT-08,W02,7,11,1,10
MPW-LOT-08,W02,8,11,1,10
MPW-LOT-08,W02,6,12,1,10
MPW-LOT-08,W02,7,12,3,31
MPW-LOT-08,W02,8,12,1,10
MPW-LOT-08,W02,6,13,1,10
MPW-LOT-08,W02,6,17,1,10
MPW-LOT-08,W02,7,17,1,10
MPW-LOT-08,W02,8,17,1,10
MPW-LOT-08,W02,6,18,1,10
MPW-LOT-08,W02,7,18,3,31
MPW-LOT-08,W02,8,18,1,10
MPW-LOT-08,W02,6,19,1,10
MPW-LOT-08,W02,6,23,1,10
MPW-LOT-08,W02,7,23,1,10
MPW-LOT-08,W02,8,23,1,10
MPW-LOT-08,W02,6,24,1,10
MPW-LOT-08,W02,7,24,3,31
MPW-LOT-08,W02,8,24,1,10
MPW-LOT-08,W02,6,25,1,10
MPW-LOT-08,W02,13,-25,1,10
MPW-LOT-08,W02,14,-25,1,10
MPW-LOT-08,W02,15,-25,1,10
MPW-LOT-08,W02,13,-24,1,10
MPW-LOT-08,W02,14,-24,3,31
MPW-LOT-08,W02,15,-24,1,10
MPW-LOT-08,W02,13,-23,2,22
MPW-LOT-08,W02,13,-19,1,10
MPW-LOT-08,W02,14,-19,1,10
MPW-LOT-08,W02,15,-19,1,10
MPW-LOT-08,W02,13,-18,1,10
MPW-LOT-08,W02,14,-18,3,31
MPW-LOT-08,W02,15,-18,1,10
MPW-LOT-08,W02,13,-17,1,10
MPW-LOT-08,W02,13,-13,1,10
MPW-LOT-08,W02,14,-13,1,10
MPW-LOT-08,W02,15,-13,1,10
MPW-LOT-08,W02,13,-12,1,10
MPW-LOT-08,W02,14,-12,3,31
MPW-LOT-08,W02,15,-12,1,10
MPW-LOT-08,W02,13,-11,1,10
MPW-LOT-08,W02,13,-7,1,10
MPW-LOT-08,W02,14,-7,1,10
MPW-LOT-08,W02,15,-7,1,10
MPW-LOT-08,W02,13,-6,1,10
MPW-LOT-08,W02,14,-6,3,31
MPW-LOT-08,W02,15,-6,1,10
MPW-LOT-08,W02,13,-5,1,10
MPW-LOT-08,W02,13,-1,1,10
MPW-LOT-08,W02,14,-1,1,10
MPW-LOT-08,W02,15,-1,1,10
MPW-LOT-08,W02,13,0,1,10
MPW-LOT-08,W02,14,0,3,31
MPW-LOT-08,W02,15,0,1,10
MPW-LOT-08,W02,13,1,2,22
MPW-LOT-08,W02,13,5,1,10
MPW-LOT-08,W02,14,5,1,10
MPW-LOT-08,W02,15,5,1,10
MPW-LOT-08,W02,13,6,1,10
MPW-LOT-08,W02,14,6,3,31
MPW-LOT-08,W02,15,6,1,10
MPW-LOT-08,W02,13,7,1,10
MPW-LOT-08,W02,13,11,1,10
MPW-LOT-08,W02,14,11,1,10
MPW-LOT-08,W02,15,11,1,10
MPW-LOT-08,W02,13,12,2,22
MPW-LOT-08,W02,14,12,3,31
MPW-LOT-08,W02,15,12,1,10
MPW-LOT-08,W02,13,13,1,10
MPW-LOT-08,W02,13,17,1,10
MPW-LOT-08,W02,14,17,1,10
MPW-LOT-08,W02,15,17,1,10
MPW-LOT-08,W02,13,18,1,10
MPW-LOT-08,W02,14,18,3,31
MPW-LOT-08,W02,15,18,1,10
MPW-LOT-08,W02,13,19,1,10
MPW-LOT-08,W02,13,23,1,10
MPW-LOT-08,W02,14,23,1,10
MPW-LOT-08,W02,15,23,1,10
MPW-LOT-08,W02,13,24,1,10
MPW-LOT-08,W02,14,24,3,31
MPW-LOT-08,W02,15,24,1,10
MPW-LOT-08,W02,13,25,1,10
MPW-LOT-08,W02,20,-23,1,10
MPW-LOT-08,W02,20,-19,1,10
MPW-LOT-08,W02,21,-19,1,10
MPW-LOT-08,W02,22,-19,2,22
MPW-LOT-08,W02,20,-18,1,10
MPW-LOT-08,W02,21,-18,3,31
MPW-LOT-08,W02,22,-18,1,10
MPW-LOT-08,W02,20,-17,1,10
MPW-LOT-08,W02,20,-13,1,10
MPW-LOT-08,W02,21,-13,1,10
MPW-LOT-08,W02,22,-13,1,10
MPW-LOT-08,W02,20,-12,1,10
MPW-LOT-08,W02,21,-12,3,31
MPW-LOT-08,W02,22,-12,1,10
MPW-LOT-08,W02,20,-11,1,10
MPW-LOT-08,W02,20,-7,1,10
MPW-LOT-08,W02,21,-7,1,10
MPW-LOT-08,W02,22,-7,1,10
MPW-LOT-08,W02,20,-6,1,10
MPW-LOT-08,W02,21,-6,3,31
MPW-LOT-08,W02,22,-6,1,10
MPW-LOT-08,W02,20,-5,1,10
MPW-LOT-08,W02,20,-1,1,10
MPW-LOT-08,W02,21,-1,1,10
MPW-LOT-08,W02,22,-1,1,10
MPW-LOT-08,W02,20,0,1,10
MPW-LOT-08,W02,21,0,3,31
MPW-LOT-08,W02,22,0,1,10
MPW-LOT-08,W02,20,1,1,10
MPW-LOT-08,W02,20,5,1,10
MPW-LOT-08,W02,21,5,1,10
MPW-LOT-08,W02,22,5,1,10
MPW-LOT-08,W02,20,6,1,10
MPW-LOT-08,W02,21,6,3,31
MPW-LOT-08,W02,22,6,1,10
MPW-LOT-08,W02,20,7,1,10
MPW-LOT-08,W02,20,11,1,10
MPW-LOT-08,W02,21,11,1,10
MPW-LOT-08,W02,22,11,1,10
MPW-LOT-08,W02,20,12,1,10
MPW-LOT-08,W02,21,12,3,31
MPW-LOT-08,W02,22,12,1,10
MPW-LOT-08,W02,20,13,1,10
MPW-LOT-08,W02,20,17,1,10
MPW-LOT-08,W02,21,17,1,10
MPW-LOT-08,W02,22,17,1,10
MPW-LOT-08,W02,20,18,1,10
MPW-LOT-08,W02,21,18,3,31
MPW-LOT-08,W02,22,18,2,22
MPW-LOT-08,W02,20,19,1,10
MPW-LOT-08,W02,20,23,1,10
MPW-LOT-08,W02,27,-13,1,10
MPW-LOT-08,W02,28,-13,1,10
MPW-LOT-08,W02,27,-12,1,10
MPW-LOT-08,W02,28,-12,3,31
MPW-LOT-08,W02,27,-11,2,22
MPW-LOT-08,W02,27,-7,1,10
MPW-LOT-08,W02,28,-7,1,10
MPW-LOT-08,W02,29,-7,1,10
MPW-LOT-08,W02,27,-6,1,10
MPW-LOT-08,W02,28,-6,3,31
MPW-LOT-08,W02,29,-6,1,10
MPW-LOT-08,W02,27,-5,1,10
MPW-LOT-08,W02,27,-1,1,10
MPW-LOT-08,W02,28,-1,1,10
MPW-LOT-08,W02,29,-1,1,10
MPW-LOT-08,W02,27,0,1,10
MPW-LOT-08,W02,28,0,3,31
MPW-LOT-08,W02,29,0,1,10
MPW-LOT-08,W02,27,1,1,10
MPW-LOT-08,W02,27,5,1,10
MPW-LOT-08,W02,28,5,1,10
MPW-LOT-08,W02,29,5,1,10
MPW-LOT-08,W02,27,6,1,10
MPW-LOT-08,W02,28,6,3,31
MPW-LOT-08,W02,29,6,1,10
MPW-LOT-08,W02,27,7,1,10
MPW-LOT-08,W02,27,11,1,10
MPW-LOT-08,W02,28,11,1,10
MPW-LOT-08,W02,27,12,1,10
MPW-LOT-08,W02,28,12,3,31
MPW-LOT-08,W02,27,13,1,10
MPW-LOT-08,W03,-28,-13,2,21
MPW-LOT-08,W03,-27,-13,2,21
MPW-LOT-08,W03,-28,-12,2,21
MPW-LOT-08,W03,-27,-12,2,21
MPW-LOT-08,W03,-29,-7,2,21
MPW-LOT-08,W03,-28,-7,2,21
MPW-LOT-08,W03,-27,-7,2,21
MPW-LOT-08,W03,-29,-6,2,21
MPW-LOT-08,W03,-28,-6,2,21
MPW-LOT-08,W03,-27,-6,2,21
MPW-LOT-08,W03,-29,-5,2,21
MPW-LOT-08,W03,-29,-1,2,21
MPW-LOT-08,W03,-28,-1,2,21
MPW-LOT-08,W03,-27,-1,2,21
MPW-LOT-08,W03,-29,0,2,21
MPW-LOT-08,W03,-28,0,2,21
MPW-LOT-08,W03,-27,0,2,21
MPW-LOT-08,W03,-29,1,2,21
MPW-LOT-08,W03,-29,5,2,21
MPW-LOT-08,W03,-28,5,2,21
MPW-LOT-08,W03,-27,5,2,21
MPW-LOT-08,W03,-29,6,2,21
MPW-LOT-08,W03,-28,6,2,21
MPW-LOT-08,W03,-27,6,2,21
MPW-LOT-08,W03,-29,7,2,21
MPW-LOT-08,W03,-28,11,2,21
MPW-LOT-08,W03,-27,11,2,21
MPW-LOT-08,W03,-28,12,2,21
MPW-LOT-08,W03,-27,12,2,21
MPW-LOT-08,W03,-22,-19,2,21
MPW-LOT-08,W03,-21,-19,2,21
MPW-LOT-08,W03,-20,-19,2,21
MPW-LOT-08,W03,-22,-18,2,21
MPW-LOT-08,W03,-21,-18,2,21
MPW-LOT-08,W03,-20,-18,2,21
MPW-LOT-08,W03,-22,-17,2,21
MPW-LOT-08,W03,-22,-13,2,21
MPW-LOT-08,W03,-21,-13,2,21
MPW-LOT-08,W03,-20,-13,2,21
MPW-LOT-08,W03,-22,-12,2,21
MPW-LOT-08,W03,-21,-12,2,21
MPW-LOT-08,W03,-20,-12,2,21
MPW-LOT-08,W03,-22,-11,2,21
MPW-LOT-08,W03,-22,-7,2,21
MPW-LOT-08,W03,-21,-7,2,21
MPW-LOT-08,W03,-20,-7,2,21
MPW-LOT-08,W03,-22,-6,2,21
MPW-LOT-08,W03,-21,-6,2,21
MPW-LOT-08,W03,-20,-6,2,21
MPW-LOT-08,W03,-22,-5,2,21
MPW-LOT-08,W03,-22,-1,2,21
MPW-LOT-08,W03,-21,-1,2,21
MPW-LOT-08,W03,-20,-1,2,21
MPW-LOT-08,W03,-22,0,2,21
MPW-LOT-08,W03,-21,0,2,21
MPW-LOT-08,W03,-20,0,2,21
MPW-LOT-08,W03,-22,1,2,21
MPW-LOT-08,W03,-22,5,2,21
MPW-LOT-08,W03,-21,5,2,21
MPW-LOT-08,W03,-20,5,2,21
MPW-LOT-08,W03,-22,6,2,21
MPW-LOT-08,W03,-21,6,2,21
MPW-LOT-08,W03,-20,6,2,21
MPW-LOT-08,W03,-22,7,2,21
MPW-LOT-08,W03,-22,11,2,21
MPW-LOT-08,W03,-21,11,2,21
MPW-LOT-08,W03,-20,11,2,21
MPW-LOT-08,W03,-22,12,2,21
MPW-LOT-08,W03,-21,12,2,21
MPW-LOT-08,W03,-20,12,2,21
MPW-LOT-08,W03,-22,13,2,21
MPW-LOT-08,W03,-22,17,2,21
MPW-LOT-08,W03,-21,17,2,21
MPW-LOT-08,W03,-20,17,2,21
MPW-LOT-08,W03,-22,18,2,21
MPW-LOT-08,W03,-21,18,2,21
MPW-LOT-08,W03,-20,18,2,21
MPW-LOT-08,W03,-22,19,2,21
MPW-LOT-08,W03,-20,23,2,21
MPW-LOT-08,W03,-15,-25,2,21
MPW-LOT-08,W03,-14,-25,2,21
MPW-LOT-08,W03,-13,-25,2,21
MPW-LOT-08,W03,-15,-24,2,21
MPW-LOT-08,W03,-14,-24,2,21
MPW-LOT-08,W03,-13,-24,2,21
MPW-LOT-08,W03,-15,-23,2,21
MPW-LOT-08,W03,-15,-19,2,21
MPW-LOT-08,W03,-14,-19,2,21
MPW-LOT-08,W03,-13,-19,2,21
MPW-LOT-08,W03,-15,-18,2,21
MPW-LOT-08,W03,-14,-18,2,21
MPW-LOT-08,W03,-13,-18,2,21
MPW-LOT-08,W03,-15,-17,2,21
MPW-LOT-08,W03,-15,-13,1,10
MPW-LOT-08,W03,-14,-13,1,10
MPW-LOT-08,W03,-13,-13,1,10
MPW-LOT-08,W03,-15,-12,1,10
MPW-LOT-08,W03,-14,-12,1,10
MPW-LOT-08,W03,-13,-12,1,10
MPW-LOT-08,W03,-15,-11,1,10
MPW-LOT-08,W03,-15,-7,1,10
MPW-LOT-08,W03,-14,-7,1,10
MPW-LOT-08,W03,-13,-7,1,10
MPW-LOT-08,W03,-15,-6,1,10
MPW-LOT-08,W03,-14,-6,1,10
MPW-LOT-08,W03,-13,-6,1,10
MPW-LOT-08,W03,-15,-5,1,10
MPW-LOT-08,W03,-15,-1,1,10
MPW-LOT-08,W03,-14,-1,1,10
MPW-LOT-08,W03,-13,-1,1,10
MPW-LOT-08,W03,-15,0,1,10
MPW-LOT-08,W03,-14,0,1,10
MPW-LOT-08,W03,-13,0,1,10
MPW-LOT-08,W03,-15,1,1,10
MPW-LOT-08,W03,-15,5,1,10
MPW-LOT-08,W03,-14,5,2,22
MPW-LOT-08,W03,-13,5,1,10
MPW-LOT-08,W03,-15,6,1,10
MPW-LOT-08,W03,-14,6,1,10
MPW-LOT-08,W03,-13,6,1,10
MPW-LOT-08,W03,-15,7,1,10
MPW-LOT-08,W03,-15,11,1,10
MPW-LOT-08,W03,-14,11,2,22
MPW-LOT-08,W03,-13,11,1,10
MPW-LOT-08,W03,-15,12,1,10
MPW-LOT-08,W03,-14,12,1,10
MPW-LOT-08,W03,-13,12,1,10
MPW-LOT-08,W03,-15,13,1,10
MPW-LOT-08,W03,-15,17,2,21
MPW-LOT-08,W03,-14,17,2,21
MPW-LOT-08,W03,-13,17,2,21
MPW-LOT-08,W03,-15,18,2,21
MPW-LOT-08,W03,-14,18,2,21
MPW-LOT-08,W03,-13,18,2,21
MPW-LOT-08,W03,-15,19,2,21
MPW-LOT-08,W03,-15,23,2,21
MPW-LOT-08,W03,-14,23,2,21
MPW-LOT-08,W03,-13,23,2,21
MPW-LOT-08,W03,-15,24,2,21
MPW-LOT-08,W03,-14,24,2,21
MPW-LOT-08,W03,-13,24,2,21
MPW-LOT-08,W03,-15,25,2,21
MPW-LOT-08,W03,-8,-25,2,21
MPW-LOT-08,W03,-7,-25,2,21
MPW-LOT-08,W03,-6,-25,2,21
MPW-LOT-08,W03,-8,-24,2,21
MPW-LOT-08,W03,-7,-24,2,21
MPW-LOT-08,W03,-6,-24,2,21
MPW-LOT-08,W03,-8,-23,2,21
MPW-LOT-08,W03,-8,-19,2,21
MPW-LOT-08,W03,-7,-19,2,21
MPW-LOT-08,W03,-6,-19,2,21
MPW-LOT-08,W03,-8,-18,2,21
MPW-LOT-08,W03,-7,-18,2,21
MPW-LOT-08,W03,-6,-18,2,21
MPW-LOT-08,W03,-8,-17,2,21
MPW-LOT-08,W03,-8,-13,1,10
MPW-LOT-08,W03,-7,-13,1,10
MPW-LOT-08,W03,-6,-13,1,10
MPW-LOT-08,W03,-8,-12,1,10
MPW-LOT-08,W03,-7,-12,1,10
MPW-LOT-08,W03,-6,-12,1,10
MPW-LOT-08,W03,-8,-11,1,10
MPW-LOT-08,W03,-8,-7,1,10
MPW-LOT-08,W03,-7,-7,1,10
MPW-LOT-08,W03,-6,-7,1,10
MPW-LOT-08,W03,-8,-6,1,10
MPW-LOT-08,W03,-7,-6,1,10
MPW-LOT-08,W03,-6,-6,1,10
MPW-LOT-08,W03,-8,-5,1,10
MPW-LOT-08,W03,-8,-1,1,10
MPW-LOT-08,W03,-7,-1,1,10
MPW-LOT-08,W03,-6,-1,1,10
MPW-LOT-08,W03,-8,0,1,10
MPW-LOT-08,W03,-7,0,1,10
MPW-LOT-08,W03,-6,0,1,10
MPW-LOT-08,W03,-8,1,1,10
MPW-LOT-08,W03,-8,5,1,10
MPW-LOT-08,W03,-7,5,1,10
MPW-LOT-08,W03,-6,5,1,10
MPW-LOT-08,W03,-8,6,1,10
MPW-LOT-08,W03,-7,6,1,10
MPW-LOT-08,W03,-6,6,1,10
MPW-LOT-08,W03,-8,7,1,10
MPW-LOT-08,W03,-8,11,1,10
MPW-LOT-08,W03,-7,11,1,10
MPW-LOT-08,W03,-6,11,1,10
MPW-LOT-08,W03,-8,12,1,10
MPW-LOT-08,W03,-7,12,1,10
MPW-LOT-08,W03,-6,12,1,10
MPW-LOT-08,W03,-8,13,1,10
MPW-LOT-08,W03,-8,17,2,21
MPW-LOT-08,W03,-7,17,2,21
MPW-LOT-08,W03,-6,17,2,21
MPW-LOT-08,W03,-8,18,2,21
MPW-LOT-08,W03,-7,18,2,21
MPW-LOT-08,W03,-6,18,2,21
MPW-LOT-08,W03,-8,19,2,21
MPW-LOT-08,W03,-8,23,2,21
MPW-LOT-08,W03,-7,23,2,21
MPW-LOT-08,W03,-6,23,2,21
MPW-LOT-08,W03,-8,24,2,21
MPW-LOT-08,W03,-7,24,2,21
MPW-LOT-08,W03,-6,24,2,21
MPW-LOT-08,W03,-8,25,2,21
MPW-LOT-08,W03,-1,-25,2,21
MPW-LOT-08,W03,0,-25,2,21
MPW-LOT-08,W03,1,-25,2,21
MPW-LOT-08,W03,-1,-24,2,21
MPW-LOT-08,W03,0,-24,2,21
MPW-LOT-08,W03,1,-24,2,21
MPW-LOT-08,W03,-1,-23,2,21
MPW-LOT-08,W03,-1,-19,2,21
MPW-LOT-08,W03,0,-19,2,21
MPW-LOT-08,W03,1,-19,2,21
MPW-LOT-08,W03,-1,-18,2,21
MPW-LOT-08,W03,0,-18,2,21
MPW-LOT-08,W03,1,-18,2,21
MPW-LOT-08,W03,-1,-17,2,21
MPW-LOT-08,W03,-1,-13,1,10
MPW-LOT-08,W03,0,-13,1,10
MPW-LOT-08,W03,1,-13,1,10
MPW-LOT-08,W03,-1,-12,1,10
MPW-LOT-08,W03,0,-12,1,10
MPW-LOT-08,W03,1,-12,1,10
MPW-LOT-08,W03,-1,-11,1,10
MPW-LOT-08,W03,-1,-7,1,10
MPW-LOT-08,W03,0,-7,1,10
MPW-LOT-08,W03,1,-7,1,10
MPW-LOT-08,W03,-1,-6,1,10
MPW-LOT-08,W03,0,-6,1,10
MPW-LOT-08,W03,1,-6,1,10
MPW-LOT-08,W03,-1,-5,1,10
MPW-LOT-08,W03,-1,-1,1,10
MPW-LOT-08,W03,0,-1,2,22
MPW-LOT-08,W03,1,-1,1,10
MPW-LOT-08,W03,-1,0,1,10
MPW-LOT-08,W03,0,0,1,10
MPW-LOT-08,W03,1,0,1,10
MPW-LOT-08,W03,-1,1,1,10
MPW-LOT-08,W03,-1,5,1,10
MPW-LOT-08,W03,0,5,1,10
MPW-LOT-08,W03,1,5,1,10
MPW-LOT-08,W03,-1,6,1,10
MPW-LOT-08,W03,0,6,1,10
MPW-LOT-08,W03,1,6,2,22
MPW-LOT-08,W03,-1,7,1,10
MPW-LOT-08,W03,-1,11,1,10
MPW-LOT-08,W03,0,11,1,10
MPW-LOT-08,W03,1,11,1,10
MPW-LOT-08,W03,-1,12,1,10
MPW-LOT-08,W03,0,12,1,10
MPW-LOT-08,W03,1,12,1,10
MPW-LOT-08,W03,-1,13,1,10
MPW-LOT-08,W03,-1,17,2,21
MPW-LOT-08,W03,0,17,2,21
MPW-LOT-08,W03,1,17,2,21
MPW-LOT-08,W03,-1,18,2,21
MPW-LOT-08,W03,0,18,2,21
MPW-LOT-08,W03,1,18,2,21
MPW-LOT-08,W03,-1,19,2,21
MPW-LOT-08,W03,-1,23,2,21
MPW-LOT-08,W03,0,23,2,21
MPW-LOT-08,W03,1,23,2,21
MPW-LOT-08,W03,-1,24,2,21
MPW-LOT-08,W03,0,24,2,21
MPW-LOT-08,W03,1,24,2,21
MPW-LOT-08,W03,-1,25,2,21
MPW-LOT-08,W03,6,-25,2,21
MPW-LOT-08,W03,7,-25,2,21
MPW-LOT-08,W03,8,-25,2,21
MPW-LOT-08,W03,6,-24,2,21
MPW-LOT-08,W03,7,-24,2,21
MPW-LOT-08,W03,8,-24,2,21
MPW-LOT-08,W03,6,-23,2,21
MPW-LOT-08,W03,6,-19,2,21
MPW-LOT-08,W03,7,-19,2,21
MPW-LOT-08,W03,8,-19,2,21
MPW-LOT-08,W03,6,-18,2,21
MPW-LOT-08,W03,7,-18,2,21
MPW-LOT-08,W03,8,-18,2,21
MPW-LOT-08,W03,6,-17,2,21
MPW-LOT-08,W03,6,-13,1,10
MPW-LOT-08,W03,7,-13,1,10
MPW-LOT-08,W03,8,-13,1,10
MPW-LOT-08,W03,6,-12,2,22
MPW-LOT-08,W03,7,-12,1,10
MPW-LOT-08,W03,8,-12,1,10
MPW-LOT-08,W03,6,-11,1,10
MPW-LOT-08,W03,6,-7,1,10
MPW-LOT-08,W03,7,-7,1,10
MPW-LOT-08,W03,8,-7,1,10
MPW-LOT-08,W03,6,-6,1,10
MPW-LOT-08,W03,7,-6,1,10
MPW-LOT-08,W03,8,-6,1,10
MPW-LOT-08,W03,6,-5,1,10
MPW-LOT-08,W03,6,-1,1,10
MPW-LOT-08,W03,7,-1,1,10
MPW-LOT-08,W03,8,-1,1,10
MPW-LOT-08,W03,6,0,1,10
MPW-LOT-08,W03,7,0,1,10
MPW-LOT-08,W03,8,0,1,10
MPW-LOT-08,W03,6,1,1,10
MPW-LOT-08,W03,6,5,1,10
MPW-LOT-08,W03,7,5,1,10
MPW-LOT-08,W03,8,5,1,10
MPW-LOT-08,W03,6,6,1,10
MPW-LOT-08,W03,7,6,1,10
MPW-LOT-08,W03,8,6,1,10
MPW-LOT-08,W03,6,7,1,10
MPW-LOT-08,W03,6,11,1,10
MPW-LOT-08,W03,7,11,1,10
MPW-LOT-08,W03,8,11,1,10
MPW-LOT-08,W03,6,12,1,10
MPW-LOT-08,W03,7,12,1,10
MPW-LOT-08,W03,8,12,1,10
MPW-LOT-08,W03,6,13,1,10
MPW-LOT-08,W03,6,17,2,21
MPW-LOT-08,W03,7,17,2,21
MPW-LOT-08,W03,8,17,2,21
MPW-LOT-08,W03,6,18,2,21
MPW-LOT-08,W03,7,18,2,21
MPW-LOT-08,W03,8,18,2,21
MPW-LOT-08,W03,6,19,2,21
MPW-LOT-08,W03,6,23,2,21
MPW-LOT-08,W03,7,23,2,21
MPW-LOT-08,W03,8,23,2,21
MPW-LOT-08,W03,6,24,2,21
MPW-LOT-08,W03,7,24,2,21
MPW-LOT-08,W03,8,24,2,21
MPW-LOT-08,W03,6,25,2,21
MPW-LOT-08,W03,13,-25,2,21
MPW-LOT-08,W03,14,-25,2,21
MPW-LOT-08,W03,15,-25,2,21
MPW-LOT-08,W03,13,-24,2,21
MPW-LOT-08,W03,14,-24,2,21
MPW-LOT-08,W03,15,-24,2,21
MPW-LOT-08,W03,13,-23,2,21
MPW-LOT-08,W03,13,-19,2,21
MPW-LOT-08,W03,14,-19,2,21
MPW-LOT-08,W03,15,-19,2,21
MPW-LOT-08,W03,13,-18,2,21
MPW-LOT-08,W03,14,-18,2,21
MPW-LOT-08,W03,15,-18,2,21
MPW-LOT-08,W03,13,-17,2,21
MPW-LOT-08,W03,13,-13,1,10
MPW-LOT-08,W03,14,-13,1,10
MPW-LOT-08,W03,15,-13,1,10
MPW-LOT-08,W03,13,-12,1,10
MPW-LOT-08,W03,14,-12,1,10
MPW-LOT-08,W03,15,-12,1,10
MPW-LOT-08,W03,13,-11,1,10
MPW-LOT-08,W03,13,-7,1,10
MPW-LOT-08,W03,14,-7,1,10
MPW-LOT-08,W03,15,-7,1,10
MPW-LOT-08,W03,13,-6,1,10
MPW-LOT-08,W03,14,-6,1,10
MPW-LOT-08,W03,15,-6,1,10
MPW-LOT-08,W03,13,-5,1,10
MPW-LOT-08,W03,13,-1,1,10
MPW-LOT-08,W03,14,-1,1,10
MPW-LOT-08,W03,15,-1,1,10
MPW-LOT-08,W03,13,0,1,10
MPW-LOT-08,W03,14,0,1,10
MPW-LOT-08,W03,15,0,1,10
MPW-LOT-08,W03,13,1,1,10
MPW-LOT-08,W03,13,5,1,10
MPW-LOT-08,W03,14,5,1,10
MPW-LOT-08,W03,15,5,1,10
MPW-LOT-08,W03,13,6,1,10
MPW-LOT-08,W03,14,6,1,10
MPW-LOT-08,W03,15,6,1,10
MPW-LOT-08,W03,13,7,1,10
MPW-LOT-08,W03,13,11,2,22
MPW-LOT-08,W03,14,11,1,10
MPW-LOT-08,W03,15,11,1,10
MPW-LOT-08,W03,13,12,1,10
MPW-LOT-08,W03,14,12,1,10
MPW-LOT-08,W03,15,12,1,10
MPW-LOT-08,W03,13,13,1,10
MPW-LOT-08,W03,13,17,2,21
MPW-LOT-08,W03,14,17,2,21
MPW-LOT-08,W03,15,17,2,21
MPW-LOT-08,W03,13,18,2,21
MPW-LOT-08,W03,14,18,2,21
MPW-LOT-08,W03,15,18,2,21
MPW-LOT-08,W03,13,19,2,21
MPW-LOT-08,W03,13,23,2,21
MPW-LOT-08,W03,14,23,2,21
MPW-LOT-08,W03,15,23,2,21
MPW-LOT-08,W03,13,24,2,21
MPW-LOT-08,W03,14,24,2,21
MPW-LOT-08,W03,15,24,2,21
MPW-LOT-08,W03,13,25,2,21
MPW-LOT-08,W03,20,-23,2,21
MPW-LOT-08,W03,20,-19,2,21
MPW-LOT-08,W03,21,-19,2,21
MPW-LOT-08,W03,22,-19,2,21
MPW-LOT-08,W03,20,-18,2,21
MPW-LOT-08,W03,21,-18,2,21
MPW-LOT-08,W03,22,-18,2,21
MPW-LOT-08,W03,20,-17,2,21
MPW-LOT-08,W03,20,-13,2,21
MPW-LOT-08,W03,21,-13,2,21
MPW-LOT-08,W03,22,-13,2,21
MPW-LOT-08,W03,20,-12,2,21
MPW-LOT-08,W03,21,-12,2,21
MPW-LOT-08,W03,22,-12,2,21
MPW-LOT-08,W03,20,-11,2,21
MPW-LOT-08,W03,20,-7,2,21
MPW-LOT-08,W03,21,-7,2,21
MPW-LOT-08,W03,22,-7,2,21
MPW-LOT-08,W03,20,-6,2,21
MPW-LOT-08,W03,21,-6,2,21
MPW-LOT-08,W03,22,-6,2,21
MPW-LOT-08,W03,20,-5,2,21
MPW-LOT-08,W03,20,-1,2,21
MPW-LOT-08,W03,21,-1,2,21
MPW-LOT-08,W03,22,-1,2,21
MPW-LOT-08,W03,20,0,2,21
MPW-LOT-08,W03,21,0,2,21
MPW-LOT-08,W03,22,0,2,21
MPW-LOT-08,W03,20,1,2,21
MPW-LOT-08,W03,20,5,2,21
MPW-LOT-08,W03,21,5,2,21
MPW-LOT-08,W03,22,5,2,21
MPW-LOT-08,W03,20,6,2,21
MPW-LOT-08,W03,21,6,2,21
MPW-LOT-08,W03,22,6,2,21
MPW-LOT-08,W03,20,7,2,21
MPW-LOT-08,W03,20,11,2,21
MPW-LOT-08,W03,21,11,2,21
MPW-LOT-08,W03,22,11,2,21
MPW-LOT-08,W03,20,12,2,21
MPW-LOT-08,W03,21,12,2,21
MPW-LOT-08,W03,22,12,2,21
MPW-LOT-08,W03,20,13,2,21
MPW-LOT-08,W03,20,17,2,21
MPW-LOT-08,W03,21,17,2,21
MPW-LOT-08,W03,22,17,2,21
MPW-LOT-08,W03,20,18,2,21
MPW-LOT-08,W03,21,18,2,21
MPW-LOT-08,W03,22,18,2,21
MPW-LOT-08,W03,20,19,2,21
MPW-LOT-08,W03,20,23,2,21
MPW-LOT-08,W03,27,-13,2,21
MPW-LOT-08,W03,28,-13,2,21
MPW-LOT-08,W03,27,-12,2,21
MPW-LOT-08,W03,28,-12,2,21
MPW-LOT-08,W03,27,-11,2,21
MPW-LOT-08,W03,27,-7,2,21
MPW-LOT-08,W03,28,-7,2,21
MPW-LOT-08,W03,29,-7,2,21
MPW-LOT-08,W03,27,-6,2,21
MPW-LOT-08,W03,28,-6,2,21
MPW-LOT-08,W03,29,-6,2,21
MPW-LOT-08,W03,27,-5,2,21
MPW-LOT-08,W03,27,-1,2,21
MPW-LOT-08,W03,28,-1,2,21
MPW-LOT-08,W03,29,-1,2,21
MPW-LOT-08,W03,27,0,2,21
MPW-LOT-08,W03,28,0,2,21
MPW-LOT-08,W03,29,0,2,21
MPW-LOT-08,W03,27,1,2,21
MPW-LOT-08,W03,27,5,2,21
MPW-LOT-08,W03,28,5,2,21
MPW-LOT-08,W03,29,5,2,21
MPW-LOT-08,W03,27,6,2,21
MPW-LOT-08,W03,28,6,2,21
MPW-LOT-08,W03,29,6,2,21
MPW-LOT-08,W03,27,7,2,21
MPW-LOT-08,W03,27,11,2,21
MPW-LOT-08,W03,28,11,2,21
MPW-LOT-08,W03,27,12,2,21
MPW-LOT-08,W03,28,12,2,21
MPW-LOT-08,W03,27,13,2,21
